{"cameraMode":{"drawMode":0,"name":"Shaded","section":"Shading Mode"},"sceneLighting":true,"audioPlay":false,"sceneViewState":{"m_AlwaysRefresh":false,"showFog":true,"showSkybox":true,"showFlares":true,"showImageEffects":true,"showParticleSystems":true,"showVisualEffectGraphs":true,"m_FxEnabled":true},"in2DMode":false,"pivot":{"x":-15.800201416015625,"y":-0.3998751640319824,"z":11.611955642700196},"rotation":{"x":0.09285986423492432,"y":-0.7103879451751709,"z":0.09537641704082489,"w":0.6912319660186768},"size":14.020397186279297,"orthographic":false}